housing_tank_ID,fish_ID,Anemone_category ,anemone_total_area,exp_day_survival,survival_event,exp_day_settlement,settlement_event,exp_day_recuitment,recruitment_event
A11,L4-1,S,133.518,182,0,182,0,NA,NA
A12,L7-2,S,108.385,3,1,NA,NA,NA,NA
A13,L4-6,M,436.288,182,0,28,1,182,0
A14,L4-16,S,191.048,182,0,182,0,NA,NA
A15,L6-1,S,300.415,182,0,182,0,NA,NA
A21,L7-6,M,458.279,1,1,NA,NA,NA,NA
A22,L6-8,M,366.781,3,1,NA,NA,NA,NA
A23,L4-14,M,418.617,1,1,NA,NA,NA,NA
A24,L6-7,S,314.944,2,1,NA,NA,NA,NA
A25,L6-2,S,185.354,4,1,NA,NA,NA,NA
A31,L6-28,S,226.98,182,0,NA,NA,NA,NA
A32,L4-13,M,666.999,182,0,7,1,14,1
A33,L6-9,M,428.042,1,1,NA,NA,NA,NA
A34,L6-29,S,401.927,1,1,NA,NA,NA,NA
A35,L6-23,S,208.916,11,1,NA,NA,NA,NA
B11,L7-7,L,1233.859,182,0,28,1,126,1
B12,L7-11,L,1354.811,182,0,35,1,182,0
B13,L4-7,L,1310.043,182,0,35,1,42,1
B14,L4-18,L,1467.908,182,0,7,1,112,1
B15,L6-15,L,1570.01,1,1,NA,NA,NA,NA
B21,L6-16,L,1129.402,182,0,35,1,182,0
B22,L6-30,L,933.052,18,1,NA,NA,NA,NA
B23,L6-17,L,1461.428,182,0,7,1,182,0
B24,L6-18,L,900.851,1,1,NA,NA,NA,NA
B25,L4-8,L,789.914,182,0,21,1,21,1
B31,L6-10,M,607.898,6,1,NA,NA,NA,NA
B32,L7-5,L,827.809,1,1,NA,NA,NA,NA
B33,L6-19,L,1440.419,182,0,7,1,7,1
B34,L6-20,L,1294.335,182,0,35,1,42,1
B35,L6-24,L,1438.063,182,0,14,1,21,1
C11,L7-1,S,82.467,2,1,NA,NA,NA,NA
C12,L4-15,M,568.628,9,1,NA,NA,NA,NA
C13,L6-11,M,428.042,1,1,NA,NA,NA,NA
C14,L7-8,L,752.411,1,1,NA,NA,NA,NA
C15,L3-1,L,1417.642,182,0,7,1,42,1
C21,L4-2,S,341.648,5,1,NA,NA,NA,NA
C22,L7-9,L,831.736,2,1,NA,NA,NA,NA
C23,L6-12,M,375.813,1,1,NA,NA,NA,NA
C24,L6-13,M,635.387,182,0,7,1,182,0
C25,L7-4,M,607.898,4,1,NA,NA,NA,NA
C31,L2-1,L,670.163,182,0,7,1,182,0
C32,L6-21,L,1043.008,182,0,42,1,182,0
C33,L4-9,L,1430.209,90,1,NA,NA,NA,NA
C34,L4-3,M,643.241,1,1,NA,NA,NA,NA
C35,L4-4,S,202.633,1,1,NA,NA,NA,NA
D11,L7-3,S,132.339,182,0,175,1,175,1
D12,L6-3,S,138.23,182,0,182,0,NA,NA
D13,L6-14,M,347.931,2,1,NA,NA,NA,NA
D14,L6-25,S,270.373,4,1,NA,NA,NA,NA
D15,L6-4,S,133.518,182,0,182,0,NA,NA
D21,L6-5,S,198.706,182,0,182,0,NA,NA
D22,L6-6,S,259.181,2,1,NA,NA,NA,NA
D23,L4-5,M,434.325,1,1,NA,NA,NA,NA
D24,L7-10,S,318.086,1,1,NA,NA,NA,NA
D25,L4-17,M,441.001,182,0,21,1,182,0
D31,L6-22,S,168.075,182,0,182,0,NA,NA
D32,L4-10,S,252.505,182,0,182,0,NA,NA
D33,L4-11,S,352.643,1,1,NA,NA,NA,NA
D34,L6-26,M,464.17,1,1,NA,NA,NA,NA
D35,L6-27,M,423.329,182,0,35,1,182,0
